,Benign,Bot,Brute Force -Web,Brute Force -XSS,DDOS attack-HOIC,DDOS attack-LOIC-UDP,DDoS attacks-LOIC-HTTP,DoS attacks-GoldenEye,DoS attacks-Hulk,DoS attacks-SlowHTTPTest,DoS attacks-Slowloris,FTP-BruteForce,Infilteration,SQL Injection,SSH-Bruteforce
Benign,269017,2,1,0,0,0,9,0,0,0,1,0,664,0,0
Bot,7,56396,0,0,0,0,0,0,0,0,0,0,59,0,0
Brute Force -Web,4,5,83,0,0,0,0,0,0,0,0,0,30,0,0
Brute Force -XSS,0,5,0,34,0,0,0,0,0,0,0,0,7,0,0
DDOS attack-HOIC,0,0,0,0,133658,0,0,0,0,0,0,0,35,0,0
DDOS attack-LOIC-UDP,0,0,0,0,0,346,0,0,0,0,0,0,0,0,0
DDoS attacks-LOIC-HTTP,0,109,0,0,0,126,114675,0,0,0,0,0,325,0,0
DoS attacks-GoldenEye,0,0,0,0,0,0,0,8286,1,0,1,0,3,0,0
DoS attacks-Hulk,0,0,0,0,0,0,0,1,86963,0,0,0,3,0,9
DoS attacks-SlowHTTPTest,0,0,0,0,0,0,0,0,0,3063,0,2872,0,0,0
DoS attacks-Slowloris,0,0,0,0,0,0,0,0,0,0,2029,0,28,0,0
FTP-BruteForce,0,0,0,0,0,0,0,0,0,1634,0,6236,0,0,0
Infilteration,1453,153,8,2,16,0,76,0,4,7,4,5,30648,2,2
SQL Injection,0,0,5,0,0,0,0,0,0,0,0,0,6,6,0
SSH-Bruteforce,0,0,0,0,0,0,0,0,0,1,0,0,2,0,23462
