,Analysis,Backdoor,Benign,DoS,Exploits,Fuzzers,Generic,Reconnaissance,Shellcode,Worms
Analysis,0.9351,0.0,0.0,0.0,0.013,0.026,0.026,0.0,0.0,0.0
Backdoor,0.0,0.5667,0.0,0.0111,0.0889,0.2444,0.0111,0.0444,0.0222,0.0111
Benign,0.0041,0.0006,0.9096,0.0005,0.0098,0.0551,0.0067,0.0105,0.0029,0.0002
DoS,0.0783,0.0157,0.0067,0.1409,0.3512,0.2539,0.0638,0.0459,0.038,0.0056
Exploits,0.0302,0.0032,0.0032,0.0195,0.6475,0.1914,0.0441,0.0452,0.0031,0.0124
Fuzzers,0.0007,0.0003,0.0062,0.0003,0.0294,0.8388,0.0199,0.0728,0.0268,0.0047
Generic,0.0011,0.0086,0.0032,0.0108,0.1446,0.1672,0.617,0.0237,0.0151,0.0086
Reconnaissance,0.0012,0.0012,0.0012,0.0,0.0929,0.2139,0.0,0.6845,0.0039,0.0012
Shellcode,0.0,0.0,0.0048,0.0,0.1286,0.3952,0.0048,0.1762,0.2857,0.0048
Worms,0.0,0.0,0.0204,0.0,0.1837,0.3469,0.0,0.0408,0.0,0.4082
