epoch,ALF_Accuracy,ALF_F1-Score,ALF_Precision,ALF_Recall,ALF_loss,CAE_loss,CNN_loss,DNN_loss,GRU_loss,LSTM_loss,learning_rate,loss,val_ALF_Accuracy,val_ALF_F1-Score,val_ALF_Precision,val_ALF_Recall,val_ALF_loss,val_CAE_loss,val_CNN_loss,val_DNN_loss,val_GRU_loss,val_LSTM_loss,val_loss
0,0.6395132541656494,0.30540770292282104,0.921903133392334,0.3496507406234741,0.7414354681968689,1.1192501783370972,1.018149733543396,0.7010950446128845,0.9106556177139282,0.9541500210762024,0.0010000000474974513,11.407776832580566,0.35819825530052185,0.052746087312698364,0.0,0.0,1.1597416400909424,1.1406311988830566,0.9621801376342773,0.6651608943939209,1.1105046272277832,1.2002848386764526,2.327402353286743
1,0.7165853381156921,0.4180942475795746,0.9239158630371094,0.48080193996429443,0.5604453086853027,1.0012037754058838,0.7976729273796082,0.6130813360214233,0.7605035305023193,0.8455117344856262,0.0010000000474974513,1.4104446172714233,0.6013253331184387,0.23776252567768097,0.9974644184112549,0.3170502483844757,0.8186149001121521,0.9912517666816711,0.7714347839355469,0.5853226780891418,0.885545015335083,1.0067662000656128,1.692864179611206
2,0.7310146689414978,0.4476326107978821,0.9220457077026367,0.5158509612083435,0.5217416286468506,0.941828191280365,0.7470648288726807,0.5906628966331482,0.718073308467865,0.8178776502609253,0.0010000000474974513,1.306249737739563,0.7444255352020264,0.45557674765586853,0.9930088520050049,0.33706456422805786,0.5796567797660828,0.9619119167327881,0.7038289904594421,0.568036675453186,0.7536039352416992,0.8769346475601196,1.37261962890625
3,0.7389960885047913,0.46427375078201294,0.9237998127937317,0.5260153412818909,0.5015029311180115,0.9091861248016357,0.718437671661377,0.5735654234886169,0.6893184781074524,0.8044363856315613,0.0010000000474974513,1.2604275941848755,0.7562013268470764,0.4638597369194031,0.9396000504493713,0.5196113586425781,0.5019313097000122,0.9103383421897888,0.7051053047180176,0.5598728060722351,0.6960757970809937,0.7997890710830688,1.258606195449829
4,0.7443469166755676,0.4714109003543854,0.9241697192192078,0.5388886332511902,0.48684409260749817,0.8818800449371338,0.7039456367492676,0.5633091926574707,0.6682817935943604,0.7911109924316406,0.0010000000474974513,1.2261946201324463,0.7617981433868408,0.48011884093284607,0.9486409425735474,0.5516253113746643,0.4749155044555664,0.909964919090271,0.6778689026832581,0.5486260652542114,0.6644673347473145,0.785437822341919,1.2079006433486938
5,0.7479850649833679,0.48080021142959595,0.9254741072654724,0.5452021956443787,0.47801753878593445,0.8723825216293335,0.6925542950630188,0.5556190013885498,0.6486238241195679,0.7831648588180542,0.0010000000474974513,1.2325780391693115,0.7479179501533508,0.4775210916996002,0.9088507294654846,0.5544909238815308,0.47444942593574524,0.8823133111000061,0.6772068738937378,0.5493302941322327,0.6480397582054138,0.7706459164619446,1.1960853338241577
6,0.7502798438072205,0.48544710874557495,0.9241883158683777,0.5506313443183899,0.4721640944480896,0.8580514788627625,0.6830019354820251,0.5508606433868408,0.6300635933876038,0.7737573981285095,0.0010000000474974513,1.1874274015426636,0.7480522990226746,0.4811955392360687,0.9066088199615479,0.579833447933197,0.4680885970592499,0.8640882968902588,0.6660511493682861,0.5356665253639221,0.6242793798446655,0.7663290500640869,1.1745895147323608
7,0.7524627447128296,0.49634885787963867,0.9250637292861938,0.5564858913421631,0.4656848907470703,0.8483187556266785,0.6775533556938171,0.5446162223815918,0.6133633852005005,0.7668822407722473,0.0010000000474974513,1.1704403162002563,0.7537387013435364,0.48795467615127563,0.9155042767524719,0.5612967014312744,0.46559664607048035,0.8965950012207031,0.6688805222511292,0.5430237650871277,0.6171374917030334,0.7726293802261353,1.1794432401657104
8,0.7545672059059143,0.5016299486160278,0.9252274036407471,0.5579411387443542,0.4600502550601959,0.838360607624054,0.6721084117889404,0.5411367416381836,0.5984453558921814,0.7576390504837036,0.0010000000474974513,1.1603786945343018,0.7682456970214844,0.5017093420028687,0.9160601496696472,0.6029819846153259,0.454291433095932,0.8656385540962219,0.6568779349327087,0.5276188850402832,0.6010612845420837,0.7622774243354797,1.151185154914856
9,0.7567501068115234,0.5067481994628906,0.9260426163673401,0.5624859929084778,0.45641979575157166,0.8323646187782288,0.6624589562416077,0.5388209819793701,0.5846298933029175,0.7493966221809387,0.0010000000474974513,1.1447809934616089,0.761171281337738,0.5092021226882935,0.9215162992477417,0.5877586007118225,0.45173558592796326,0.8549121618270874,0.6452621817588806,0.5234803557395935,0.5846475958824158,0.7416039109230042,1.1355876922607422
