,DNN,CNN,GRU,CAE,LSTM,ALF-MoE
Analysis,0.12436116,0.124786325,0.14777328,0.030864198,0.02862254,0.14257812
Backdoor,0.48101267,0.4050633,0.35443038,0.0,0.0,0.45762712
Benign,0.9950522,0.6068147,0.98769677,0.9310155,0.9973722,0.9951765
DoS,0.2723077,0.25,0.24864864,0.2,0.25925925,0.33519554
Exploits,0.78530943,0.56046367,0.7272553,0.51853305,0.56602734,0.8078936
Fuzzers,0.5618878,0.7003084,0.56489414,0.44487098,0.4703589,0.59079164
Generic,0.5763359,0.66545457,0.54460096,0.5390625,0.3907563,0.67145133
Reconnaissance,0.5543453,0.6276752,0.5931694,0.51048446,0.45556664,0.7816579
Shellcode,0.30989584,0.17475729,0.2826087,0.09615385,0.0,0.22273782
Worms,0.36363637,0.25,0.07009346,0.0,0.0,0.09803922
