,DNN,CNN,GRU,CAE,LSTM
Benign Traffic,0.16742305,0.19985618,0.4288346,0.061324645,0.14241041
Botnet/Malware,0.14479841,0.21176873,0.4429674,0.062610045,0.13783962
BruteForce,0.1521062,0.20179145,0.437261,0.062081162,0.14680848
DDoS,0.17894389,0.19578479,0.4228228,0.060719542,0.14151399
DoS,0.17737816,0.19624056,0.42356312,0.06079432,0.14161447
IoT/MQTT,0.14361441,0.20450176,0.44119868,0.0626166,0.14808016
MITM,0.16613665,0.20046149,0.42989933,0.06143567,0.1420669
Reconnaissance,0.17314154,0.19999631,0.42602244,0.06104262,0.13982642
WebAttack,0.15847316,0.20181066,0.43411374,0.061892815,0.1437119
