,BENIGN,Botnet,DDoS,DoS,Infiltration - Communication Victim Attacker,Infiltration - Dropbox Download,Infiltration - NMAP Portscan,SSH-BruteForce,Web Attack
BENIGN,0.9997,0.0,0.0,0.0,0.0,0.0,0.0002,0.0,0.0
Botnet,0.0,1.0,0.0,0.0,0.0,0.0,0.0,0.0,0.0
DDoS,0.0,0.0,1.0,0.0,0.0,0.0,0.0,0.0,0.0
DoS,0.0,0.0,0.0,1.0,0.0,0.0,0.0,0.0,0.0
Infiltration - Communication Victim Attacker,0.0732,0.0,0.0,0.0,0.9268,0.0,0.0,0.0,0.0
Infiltration - Dropbox Download,0.8824,0.0,0.0,0.0,0.0,0.1176,0.0,0.0,0.0
Infiltration - NMAP Portscan,0.011,0.0,0.0,0.0,0.0,0.0,0.989,0.0,0.0
SSH-BruteForce,0.0,0.0,0.0,0.0,0.0,0.0,0.0,1.0,0.0
Web Attack,0.0,0.0,0.0,0.0,0.0,0.0,0.0,0.0,1.0
