,Precisão,Recall,F1-Score
ACK Flood,0.6762275,0.7216423,0.6981972
Backdoor,0.6469775,0.6557269,0.6513228
Benign Traffic,0.89714634,0.8931965,0.8951671
DDoS ACK Fragmentation,0.9932367,0.9358603,0.9636952
DDoS HTTP Flood,0.27973977,0.6404255,0.389392
DDoS ICMP Flood,0.0,0.0,0.0
DDoS ICMP Fragmentation,0.85,0.4089347,0.5522042
DDoS PSHACK Flood,0.92553073,0.9893196,0.95636266
DDoS RSTFIN Flood,0.9879513,0.9412001,0.96400917
DDoS TCP SYN Flood,0.35380116,1.0,0.5226782
DDoS UDP Flood,0.10521075,0.62896824,0.18026727
Dictionary Brute Force,0.08920863,0.22962964,0.1284974
DoS DNS Flood,0.03293039,0.23303835,0.057706356
DoS ICMP Flood,0.10676157,0.043290045,0.061601643
DoS SYN Flood,0.26426837,0.79862386,0.3971259
DoS TCP Flood,0.98829746,0.92543095,0.9558316
DoS UDP Flood,0.2,0.0020639836,0.004085802
MITM,0.45537674,0.7596095,0.5694032
MITM ARP Spoofing,0.10823529,0.26796117,0.15418994
MQTT Brute Force,0.99880606,0.99560314,0.99720204
MQTT DDoS Publish Flood,0.84562314,0.7956021,0.8198503
MQTT DoS Connect Flood,0.9587169,0.9109637,0.9342305
MQTT DoS Publish Flood,0.936,0.61256546,0.74050635
MQTT Malformed,0.73672056,0.7401392,0.7384259
Mirai ACK Flood,0.01757488,0.68049794,0.03426482
Mirai HTTP Flood,0.04364261,0.6033254,0.08139721
Mirai Host Brute Force,0.3226863,0.539726,0.40389544
Mirai UDP Flood,0.19354838,0.048387095,0.077419356
Mirai UDP Plain,0.18,0.26045015,0.2128778
OS Fingerprinting,0.0,0.0,0.0
Password Attack,0.8083481,0.85304594,0.83009577
Port Scanning,0.0,0.0,0.0
Ransomware,0.30107528,0.05645161,0.0950764
Recon Host Discovery,0.0,0.0,0.0
Recon OS Scan,0.0,0.0,0.0
Recon Ping Sweep,0.0,0.0,0.0
Recon Port Scan,0.45476943,0.77995735,0.57454133
Recon Vulnerability Scan,0.0,0.0,0.0
SQL Injection,0.3037249,0.40613025,0.34754097
SYN Flood,0.49982858,0.13572134,0.21347624
Scan Aggressive,0.2795699,0.03398693,0.060606062
Scan Host Port,0.29411766,0.046511628,0.08032128
Scan Port OS,0.0,0.0,0.0
Scan UDP Attack,0.0,0.0,0.0
Sparta SSH Brute Force,0.9991277,0.9250972,0.96068835
Telnet Brute Force,0.25070423,0.64492756,0.36105478
Uploading Attack,0.98717946,0.2720848,0.4265928
Vulnerability Scanner,0.6666667,0.5962733,0.6295082
XSS,0.9545146,0.8015278,0.8713571
