,ACK Flood,Backdoor,Benign Traffic,DDoS ACK Fragmentation,DDoS HTTP Flood,DDoS ICMP Flood,DDoS ICMP Fragmentation,DDoS PSHACK Flood,DDoS RSTFIN Flood,DDoS TCP SYN Flood,DDoS UDP Flood,Dictionary Brute Force,DoS DNS Flood,DoS ICMP Flood,DoS SYN Flood,DoS TCP Flood,DoS UDP Flood,MITM,MITM ARP Spoofing,MQTT Brute Force,MQTT DDoS Publish Flood,MQTT DoS Connect Flood,MQTT DoS Publish Flood,MQTT Malformed,Mirai ACK Flood,Mirai HTTP Flood,Mirai Host Brute Force,Mirai UDP Flood,Mirai UDP Plain,OS Fingerprinting,Password Attack,Port Scanning,Ransomware,Recon Host Discovery,Recon OS Scan,Recon Ping Sweep,Recon Port Scan,Recon Vulnerability Scan,SQL Injection,SYN Flood,Scan Aggressive,Scan Host Port,Scan Port OS,Scan UDP Attack,Sparta SSH Brute Force,Telnet Brute Force,Uploading Attack,Vulnerability Scanner,XSS
ACK Flood,62430,114,209,0,606,0,0,2283,428,0,0,0,0,0,3,236,0,1,0,0,3,0,0,0,5456,1468,3,3,45,0,1,0,0,0,0,0,7643,0,0,5555,0,0,0,0,2,3,0,0,19
Backdoor,7,7952,514,5,0,0,0,0,0,11,0,106,2,1,1368,0,0,99,7,0,6,14,0,0,8,2,51,1,5,3,97,0,41,0,0,0,1579,0,8,57,2,0,0,0,0,38,0,1,142
Benign Traffic,18,680,62689,0,3,13,6,0,7,13,1454,510,978,89,180,1,1,118,233,0,75,24,8,18,250,19,135,7,33,4,239,0,0,0,0,0,2165,0,10,1,21,1,0,0,3,72,0,4,103
DDoS ACK Fragmentation,6,30,13,11308,2,1,1,8,2,51,7,7,18,7,0,53,1,38,10,0,331,0,0,0,5,14,31,2,91,0,2,0,0,0,0,0,20,0,0,0,0,0,0,0,0,14,0,0,10
DDoS HTTP Flood,1,1,29,0,301,0,0,0,0,0,0,2,0,0,3,0,0,12,0,0,4,0,0,0,57,5,2,0,0,0,32,0,0,0,0,0,18,0,1,1,0,0,0,0,0,1,0,0,0
DDoS ICMP Flood,8,8,38,0,4,0,0,0,0,1,350,4,8,7,0,0,1,8,12,0,16,1,0,0,0,6,7,0,6,0,1,0,1,0,0,0,4,0,0,0,0,0,0,0,0,9,0,0,3
DDoS ICMP Fragmentation,7,7,3,3,1,1,119,0,1,3,9,5,6,4,0,0,2,8,5,0,21,3,0,0,6,6,3,0,30,0,1,0,0,0,0,0,22,0,0,0,0,0,0,0,0,12,0,0,3
DDoS PSHACK Flood,291,108,8,3,1,1,0,75030,1,0,2,3,2,0,0,299,0,1,3,0,1,0,0,0,0,2,2,0,17,0,1,0,0,0,0,0,56,0,0,5,0,0,0,0,0,2,0,0,1
DDoS RSTFIN Flood,5,9,743,5,1,1,1,2,110367,4,2,9,6,0,0,2,0,8,4,0,10,0,0,0,5055,969,7,0,28,0,0,0,0,0,0,0,15,0,0,2,0,0,0,0,0,7,0,0,0
DDoS TCP SYN Flood,0,0,0,0,0,0,0,0,0,121,0,0,0,0,0,0,0,0,0,0,0,0,0,0,0,0,0,0,0,0,0,0,0,0,0,0,0,0,0,0,0,0,0,0,0,0,0,0,0
DDoS UDP Flood,7,6,34,1,1,5,0,4,0,2,317,5,4,9,1,0,0,7,7,0,17,5,0,0,2,11,12,0,13,0,1,0,0,0,0,0,21,0,0,1,0,0,0,0,0,7,0,0,4
Dictionary Brute Force,0,36,25,0,0,1,0,0,0,1,0,124,75,3,50,0,0,0,15,0,0,1,0,0,0,0,14,0,1,2,1,0,0,0,0,0,177,0,0,0,0,0,0,0,1,1,0,1,11
DoS DNS Flood,0,7,16,0,0,1,0,0,0,0,2,39,79,4,0,0,0,0,8,0,0,0,0,0,0,0,5,0,0,2,1,0,0,0,0,0,165,0,0,0,0,0,0,0,0,5,0,0,5
DoS ICMP Flood,1,26,33,0,0,3,1,0,1,0,256,32,97,30,8,2,1,11,18,0,6,0,0,0,23,5,11,0,5,0,3,0,0,0,0,0,103,0,0,0,0,0,0,0,0,14,0,0,3
DoS SYN Flood,0,61,21,0,0,0,0,0,0,0,0,8,9,0,1741,0,0,6,0,0,3,0,0,0,0,0,0,0,4,0,3,0,0,0,0,0,297,0,8,0,0,13,0,0,0,0,0,0,6
DoS TCP Flood,9,13,8,35,32,2,3,1532,243,16,42,6,4,6,180,61903,0,324,8,0,961,1,0,0,31,1025,15,0,2,0,1,0,7,0,0,0,406,0,0,18,0,0,0,0,0,1,0,0,57
DoS UDP Flood,33,29,45,0,2,10,4,1,1,5,326,65,82,24,12,0,2,11,14,0,25,1,0,0,19,35,19,0,16,1,2,0,0,0,0,1,164,0,0,2,0,0,0,0,0,12,0,0,6
MITM,1,379,61,1,2,1,0,0,0,15,0,18,0,1,15,0,0,2490,1,0,47,12,0,0,2,7,14,2,2,1,28,0,7,0,0,0,54,0,5,44,0,1,0,0,3,5,0,3,56
MITM ARP Spoofing,0,24,25,0,1,0,0,0,0,4,30,36,47,2,12,0,0,5,138,0,4,3,0,0,4,3,27,0,0,1,16,0,0,0,0,0,116,0,0,2,0,0,0,0,0,1,0,0,14
MQTT Brute Force,0,3,112,0,0,0,0,0,0,0,0,0,0,0,0,0,0,0,0,30116,2,1,0,0,13,0,0,0,0,0,0,0,0,0,0,0,0,0,0,0,0,0,0,0,0,0,0,0,2
MQTT DDoS Publish Flood,201,20,34,15,0,0,0,7,0,62,12,4,4,15,17,20,1,1755,1,32,9805,133,0,0,0,14,10,0,1,0,6,0,0,0,0,0,89,0,0,13,0,0,0,0,0,0,0,0,53
MQTT DoS Connect Flood,1,22,33,0,0,1,0,0,0,0,12,0,2,10,62,0,1,191,0,2,33,6456,0,74,0,2,2,0,0,0,4,0,0,0,0,0,178,0,0,0,0,0,0,0,0,1,0,0,0
MQTT DoS Publish Flood,0,12,1,0,0,0,1,0,0,0,39,2,2,0,0,2,0,2,0,0,10,0,117,0,0,0,0,0,0,0,0,0,0,0,0,0,2,0,0,0,0,0,0,0,0,1,0,0,0
MQTT Malformed,0,3,10,0,0,2,0,0,0,0,36,1,1,1,2,0,0,1,0,0,0,14,0,319,0,0,1,0,0,0,0,0,0,0,0,0,9,0,1,1,0,0,0,0,0,1,0,16,12
Mirai ACK Flood,0,2,3,0,0,0,0,1,64,0,0,1,0,1,2,3,0,2,0,0,4,0,0,0,328,49,14,1,0,0,0,0,0,0,0,0,1,0,0,6,0,0,0,0,0,0,0,0,0
Mirai HTTP Flood,2,8,5,0,0,0,0,0,0,1,2,0,0,2,7,0,0,21,1,0,11,13,0,1,8,254,72,3,0,0,4,0,0,0,0,0,2,0,0,1,0,0,0,0,0,0,0,0,3
Mirai Host Brute Force,32,50,9,0,1,0,0,1,2,2,3,5,3,3,32,0,0,57,7,0,29,3,0,7,0,22,394,3,2,0,11,0,2,0,0,0,11,0,9,0,0,0,0,0,2,8,0,0,20
Mirai UDP Flood,0,8,3,0,0,0,0,0,0,0,1,1,0,0,7,1,0,9,0,0,5,1,0,0,2,19,52,6,0,0,4,0,0,0,0,0,1,0,0,1,0,0,0,0,0,1,0,0,2
Mirai UDP Plain,10,14,6,6,3,2,0,2,1,7,5,17,7,7,2,0,0,20,2,0,26,0,0,0,23,20,11,0,81,0,1,0,0,0,0,0,19,0,0,0,0,0,0,0,0,9,0,0,10
OS Fingerprinting,0,13,0,0,0,0,0,0,0,0,0,0,0,0,0,0,0,0,0,0,0,0,0,0,0,0,0,0,0,0,0,0,0,0,0,0,0,0,0,0,0,0,0,0,0,0,0,0,0
Password Attack,2,63,599,0,0,0,0,0,0,1,0,0,0,0,0,0,0,19,2,0,1,0,0,0,0,0,23,0,0,0,4551,0,0,0,0,0,39,0,6,0,0,1,0,0,0,0,1,3,24
Port Scanning,0,26,0,0,0,0,0,0,0,0,0,0,0,0,0,0,0,0,0,0,0,0,0,0,0,0,0,0,0,0,0,0,0,0,0,0,0,0,0,0,0,0,0,0,0,0,0,0,0
Ransomware,0,341,20,1,1,0,0,0,0,0,1,2,2,1,22,0,0,15,1,0,0,1,0,0,1,2,11,0,0,0,7,0,28,0,0,0,13,0,0,3,0,0,0,0,0,2,0,0,21
Recon Host Discovery,0,9,3,0,0,0,0,0,0,0,0,4,16,1,2,0,0,0,1,0,0,0,0,0,2,0,2,0,0,0,0,0,0,0,0,0,43,0,0,0,0,0,0,0,0,0,0,0,1
Recon OS Scan,27,50,31,0,0,3,0,8,0,1,9,14,62,3,273,0,0,15,13,0,7,0,0,1,2,0,5,0,1,0,4,0,0,0,0,0,3099,0,0,156,0,0,0,0,0,3,0,0,9
Recon Ping Sweep,9,54,20,0,0,3,0,1,0,0,4,39,131,1,301,0,0,3,19,0,1,0,0,1,33,1,3,0,0,0,6,0,0,0,0,0,756,0,0,5,0,0,0,0,1,6,0,0,7
Recon Port Scan,65,532,275,0,0,13,3,1,0,5,87,291,736,38,1491,4,0,48,188,2,11,40,0,11,150,24,71,0,4,7,257,0,2,0,0,0,20119,0,4,1116,0,0,0,0,7,23,0,5,165
Recon Vulnerability Scan,1,40,8,0,0,0,0,0,0,0,1,16,6,6,243,0,0,5,3,0,8,4,0,0,3,0,7,0,0,0,16,0,0,0,0,0,730,0,10,296,0,0,0,0,4,3,0,1,12
SQL Injection,0,4,76,0,0,0,0,0,0,0,0,0,0,0,0,0,0,0,0,0,0,0,0,0,0,0,0,0,0,0,52,0,0,0,0,0,0,0,106,0,0,0,0,0,0,0,0,12,11
SYN Flood,29054,3,13,0,113,0,0,2176,531,0,0,1,0,0,2,110,0,3,2,0,1,0,0,0,7061,1792,2,0,37,0,1,0,0,0,0,0,5519,0,0,7290,0,0,0,0,0,1,0,0,1
Scan Aggressive,0,64,516,0,0,0,0,0,0,0,0,0,0,0,144,0,0,0,0,0,0,0,0,0,14,1,0,0,0,0,0,0,0,0,0,0,0,0,0,0,26,0,0,0,0,0,0,0,0
Scan Host Port,0,1,41,0,0,0,0,0,0,0,0,0,1,0,18,0,0,3,0,0,0,1,0,0,0,0,4,0,0,0,0,0,0,0,0,0,135,0,0,0,0,10,0,0,0,0,0,0,1
Scan Port OS,0,8,21,0,0,0,0,0,0,0,0,1,0,0,60,0,0,9,1,0,1,2,0,1,0,0,14,0,1,0,3,0,0,0,0,0,164,0,0,0,0,6,0,0,0,0,0,0,1
Scan UDP Attack,0,0,449,0,0,0,0,0,0,0,0,0,0,0,0,0,0,0,0,0,0,0,0,0,14,0,0,0,0,0,0,0,0,0,0,0,0,0,0,0,22,0,0,0,0,0,0,0,0
Sparta SSH Brute Force,0,55,2289,0,0,0,0,0,0,9,0,6,0,0,26,0,0,11,0,0,0,0,0,0,48,0,24,0,0,1,10,0,0,0,0,0,3,0,0,0,22,0,0,0,30926,0,0,0,0
Telnet Brute Force,11,8,10,0,1,0,0,0,0,1,3,0,0,1,0,0,0,6,0,0,1,0,0,0,0,0,1,0,0,0,0,0,0,0,0,0,3,0,0,0,0,0,0,0,3,89,0,0,0
Uploading Attack,0,2,44,0,0,0,0,0,0,0,0,0,0,0,95,0,0,41,0,0,0,0,0,0,0,0,2,0,0,0,3,0,0,0,0,0,16,0,1,1,0,0,0,0,0,0,77,0,1
Vulnerability Scanner,0,11,4,0,0,0,0,0,0,0,0,0,0,0,0,0,0,0,0,0,0,0,0,0,0,0,4,0,0,0,13,0,0,0,0,0,0,0,26,0,0,1,0,0,0,0,0,96,6
XSS,82,1375,727,2,0,0,1,10,64,6,1,6,9,4,207,0,0,85,551,0,109,0,0,0,43,43,134,3,25,11,247,0,5,0,0,0,264,0,154,8,0,1,0,0,1,3,0,2,16893
