,precision,recall,f1-score,support
Benign Traffic,0.9219711025727184,0.8991664885659328,0.9104260138205635,70185.0
Botnet/Malware,0.6484251720002525,0.6992716629228779,0.6728892382262396,14691.0
BruteForce,0.9556642636457261,0.9410541794488249,0.9483029521096534,39443.0
DDoS,0.9821409695863162,0.9871495214271226,0.9846388763114036,207074.0
DoS,0.9779746436326836,0.910126079054975,0.9428312982769229,211296.0
IoT/MQTT,0.9533465377600847,0.9668270951831669,0.9600394964206369,50282.0
MITM,0.6532856750068738,0.6264170841022937,0.6395693135935397,3793.0
Reconnaissance,0.5941450853753772,0.8168654420939613,0.6879276637341154,34461.0
WebAttack,0.8565636308148407,0.9087419056429232,0.8818816347599704,21620.0
accuracy,0.9282524948494666,0.9282524948494666,0.9282524948494666,0.9282524948494666
macro avg,0.8381685644883192,0.8617354953824532,0.8476118319170052,652845.0
weighted avg,0.9364468345262965,0.9282524948494666,0.9309540857658435,652845.0
