,Benign Traffic,Botnet/Malware,BruteForce,DDoS,DoS,IoT/MQTT,MITM,Reconnaissance,WebAttack
Benign Traffic,0.8992,0.0069,0.0187,0.0003,0.0004,0.0011,0.0014,0.0464,0.0258
Botnet/Malware,0.0127,0.6993,0.0007,0.0079,0.0272,0.0079,0.0094,0.1909,0.0442
BruteForce,0.0373,0.0059,0.9411,0.0001,0.0,0.0001,0.0006,0.0103,0.0047
DDoS,0.0033,0.0029,0.0001,0.9871,0.0036,0.0016,0.0002,0.0009,0.0003
DoS,0.0046,0.0061,0.0,0.0164,0.9101,0.0062,0.0007,0.0551,0.0007
IoT/MQTT,0.0024,0.0045,0.0001,0.0002,0.0023,0.9668,0.0134,0.0069,0.0034
MITM,0.0438,0.1429,0.0013,0.0016,0.0129,0.102,0.6264,0.0498,0.0192
Reconnaissance,0.0444,0.0335,0.0099,0.0007,0.0846,0.0026,0.002,0.8169,0.0055
WebAttack,0.0094,0.0481,0.0015,0.004,0.0038,0.0031,0.0029,0.0184,0.9087
